{
    "loss": 0.307672917842865,
    "accuracy": 0.8627451062202454
}