{
    "loss": 12.937507629394531,
    "accuracy": 0.5686274766921997
}