{
    "loss": 0.02440345287322998,
    "accuracy": 0.9901960492134094
}